first_name,last_name,email_address,phone,employee_type_id
Demetri,Graalmans,dgraalmans0@wikispaces.com,175-259-2433,3
Brendon,Downgate,bdowngate1@huffingtonpost.com,619-965-4923,7
Ashlan,Aucott,aaucott2@rakuten.co.jp,346-869-8747,4
Zaria,Meriet,zmeriet3@domainmarket.com,462-132-5315,4
Ram,Napoleon,rnapoleon4@phpbb.com,861-782-5872,3
Laurette,Hellikes,lhellikes5@google.ru,577-517-8901,5
Galen,Brooke,gbrooke6@wikimedia.org,693-472-3230,7
Trace,Abrahamsen,tabrahamsen7@symantec.com,455-808-9268,2
Lenore,Totaro,ltotaro8@simplemachines.org,124-926-3837,5
Killy,Housen,khousen9@miibeian.gov.cn,603-348-9434,6
Alfreda,Eede,aeedea@ca.gov,295-239-0157,5
Fernande,Leasor,fleasorb@de.vu,664-699-6925,7
Frayda,Rundall,frundallc@tinypic.com,669-664-1621,5
Cassondra,Aimer,caimerd@tumblr.com,478-275-0374,6
Carce,Orbine,corbinee@deliciousdays.com,575-681-9363,3
Elonore,Astupenas,eastupenasf@ted.com,370-348-1197,4
Harlin,Wallworth,hwallworthg@bbc.co.uk,924-287-3490,7
Noah,Hedling,nhedlingh@apache.org,177-829-7889,1
Mommy,Greedyer,mgreedyeri@drupal.org,474-385-6213,3
Maryjo,Delaprelle,mdelaprellej@go.com,946-285-3032,6
Mahalia,Rogerot,mrogerotk@smugmug.com,728-950-8344,3
Earle,Otterwell,eotterwelll@seesaa.net,817-334-9310,7
Eryn,Sinyard,esinyardm@live.com,396-735-2923,5
Free,Dogg,fdoggn@t-online.de,919-322-5494,6
Minerva,McCathy,mmccathyo@bloglovin.com,167-125-7802,4
Olly,Roddan,oroddanp@arstechnica.com,438-716-9650,2
Merrill,Glentworth,mglentworthq@yolasite.com,918-116-9529,6
Maris,Daldan,mdaldanr@123-reg.co.uk,373-699-5017,3
Eilis,Franscioni,efranscionis@state.tx.us,886-884-0723,7
Cullin,Mongenot,cmongenott@whitehouse.gov,836-996-0457,2
Samuele,Haggith,shaggithu@edublogs.org,690-825-8214,4
Jeri,Lympany,jlympanyv@about.com,708-376-4043,2
Krishna,Wearne,kwearnew@homestead.com,433-213-2542,5
Olimpia,Clemmens,oclemmensx@princeton.edu,618-433-7255,4
Briggs,Reddick,breddicky@etsy.com,764-707-1106,2
Bern,Matton,bmattonz@squidoo.com,290-941-9296,7
Celestina,Shortin,cshortin10@ihg.com,667-454-3066,6
Abbi,Coltherd,acoltherd11@go.com,164-439-1957,1
Alvera,Belchambers,abelchambers12@ycombinator.com,787-461-0070,6
Ines,Merritt,imerritt13@pbs.org,709-704-2902,6
Franni,Bolderoe,fbolderoe14@va.gov,300-842-9783,4
Kinna,Thomazet,kthomazet15@joomla.org,697-778-6131,7
Woody,Ogles,wogles16@mtv.com,786-181-3016,6
Bertie,Gillott,bgillott17@ehow.com,705-587-8802,5
Christie,Sarjeant,csarjeant18@moonfruit.com,802-890-6054,6
Say,Orrice,sorrice19@washington.edu,735-816-2549,5
Rolph,Addie,raddie1a@gizmodo.com,915-864-2921,1
Domeniga,MacGilmartin,dmacgilmartin1b@symantec.com,295-146-2265,3
Missie,Prover,mprover1c@cam.ac.uk,112-195-8391,5
Zeke,Heineken,zheineken1d@surveymonkey.com,986-488-2037,4
Lauree,Trenbey,ltrenbey1e@toplist.cz,268-489-1699,3
Cordelia,Stolli,cstolli1f@washington.edu,479-895-8356,1
Katrinka,Blundon,kblundon1g@linkedin.com,255-890-4724,6
Sansone,Aleksashin,saleksashin1h@wix.com,897-118-4303,3
Dena,Dymott,ddymott1i@tinypic.com,192-280-3604,5
Gwenni,Weine,gweine1j@intel.com,301-888-5214,2
Karilynn,Bartkiewicz,kbartkiewicz1k@ocn.ne.jp,730-476-7383,1
Nealon,Coston,ncoston1l@sfgate.com,882-266-5725,7
Shaw,Fancy,sfancy1m@hatena.ne.jp,893-659-8504,6
Stanislaw,Sawers,ssawers1n@weather.com,737-918-2922,5
Nobie,Labbe,nlabbe1o@admin.ch,717-173-8772,4
Keen,Rozanski,krozanski1p@linkedin.com,492-996-7686,1
Piggy,Prene,pprene1q@narod.ru,954-374-6795,1
Maje,Wager,mwager1r@fema.gov,864-694-1263,6
Josefina,Lubeck,jlubeck1s@e-recht24.de,767-523-0458,2
Miguela,Calbaithe,mcalbaithe1t@homestead.com,153-409-5326,2
Madge,Parmer,mparmer1u@squidoo.com,890-532-8742,6
Leupold,MacFadzean,lmacfadzean1v@gizmodo.com,551-570-3296,7
Simona,Mullineux,smullineux1w@elpais.com,515-171-7782,5
Pippy,Milnes,pmilnes1x@baidu.com,455-133-7376,7
Gerda,Hesey,ghesey1y@google.nl,409-570-9971,7
Lay,Hatherleigh,lhatherleigh1z@elpais.com,143-866-7998,7
Huntington,Toopin,htoopin20@ucoz.ru,928-233-2935,5
Iris,Poynter,ipoynter21@zdnet.com,862-358-2932,5
Jessika,Mulheron,jmulheron22@google.cn,973-123-5428,7
Eberhard,Gorler,egorler23@ask.com,625-443-8769,7
Janean,Winter,jwinter24@arizona.edu,845-819-1517,1
Kattie,Dutch,kdutch25@imageshack.us,259-293-8227,4
Florian,Burchett,fburchett26@irs.gov,603-479-7024,4
Chip,Guerry,cguerry27@rakuten.co.jp,785-741-1325,7
Perkin,Nutty,pnutty28@desdev.cn,854-200-5885,6
Clayborne,Greenley,cgreenley29@taobao.com,262-648-7724,1
Rochella,Wheatland,rwheatland2a@bing.com,906-175-8546,7
Xever,Sabbin,xsabbin2b@jalbum.net,779-728-6970,1
Michell,McGilvary,mmcgilvary2c@blogs.com,316-540-8643,6
Nert,Albro,nalbro2d@360.cn,158-314-6043,7
Lucienne,Ivanishev,livanishev2e@wired.com,729-284-4200,7
Winston,Petow,wpetow2f@gravatar.com,305-247-8062,7
Hyman,Philson,hphilson2g@is.gd,531-629-9468,7
Hamish,O'Reilly,horeilly2h@friendfeed.com,291-755-9712,3
Kit,Dubber,kdubber2i@google.it,545-552-6140,1
Paul,Cheshir,pcheshir2j@intel.com,754-950-2155,7
Maribeth,Feighney,mfeighney2k@blogger.com,662-815-9139,2
Lorianna,Anand,lanand2l@stanford.edu,667-852-8036,6
Frasco,Greenslade,fgreenslade2m@mapquest.com,749-938-4022,5
Loretta,Batthew,lbatthew2n@tuttocitta.it,302-897-3725,6
Chilton,Ingarfill,cingarfill2o@loc.gov,535-160-5629,2
Bethena,Tasker,btasker2p@infoseek.co.jp,108-402-0722,6
Charmain,Scurr,cscurr2q@infoseek.co.jp,589-692-1156,1
Lianna,Kopfen,lkopfen2r@umich.edu,375-830-5000,5
Hallie,Tonkes,htonkes2s@ucla.edu,631-564-5670,1
Fiorenze,Rosiello,frosiello2t@addthis.com,900-614-9770,1
Ailina,Arstingall,aarstingall2u@wikispaces.com,420-701-0072,6
Annalee,Killoran,akilloran2v@wordpress.org,252-650-4168,1
Lurlene,Tunnoch,ltunnoch2w@sourceforge.net,301-121-1244,3
Jocelin,Praten,jpraten2x@amazonaws.com,412-574-7756,4
Theo,Beagan,tbeagan2y@indiegogo.com,600-201-0143,2
Ethelda,Churches,echurches2z@washingtonpost.com,526-398-8553,7
Doralia,Bodham,dbodham30@google.fr,962-739-1705,4
Nels,Poveleye,npoveleye31@utexas.edu,963-982-5747,6
Cristi,Cribbins,ccribbins32@mail.ru,573-162-0251,6
Kerri,Jelphs,kjelphs33@simplemachines.org,913-677-4915,1
Mirabella,Sorensen,msorensen34@ifeng.com,817-709-2607,7
Erin,Stolworthy,estolworthy35@symantec.com,128-512-5036,4
Alexis,Normavill,anormavill36@yellowpages.com,667-734-9178,1
Rafe,Wornum,rwornum37@illinois.edu,729-198-9918,2
Alys,Stuer,astuer38@sourceforge.net,580-854-4729,6
Winslow,Americi,wamerici39@nifty.com,677-510-8156,6
Ruthi,Hallgath,rhallgath3a@google.it,319-613-1386,7
Nettle,Dewire,ndewire3b@epa.gov,291-248-4558,5
Cookie,Feavyour,cfeavyour3c@noaa.gov,421-892-6835,4
Eilis,Duiguid,eduiguid3d@typepad.com,103-135-5169,4
Drona,McLeese,dmcleese3e@exblog.jp,974-123-1254,1
Olav,Cartin,ocartin3f@jalbum.net,905-649-2110,2
Lois,Grabban,lgrabban3g@ycombinator.com,739-179-4617,3
Leta,Marquez,lmarquez3h@wiley.com,211-133-2422,6
Roddie,Garmey,rgarmey3i@cmu.edu,907-663-0998,4
Pet,Mattussevich,pmattussevich3j@google.ca,533-824-0638,6
Oby,Kildea,okildea3k@scribd.com,528-460-6533,3
Randolph,Hanster,rhanster3l@ca.gov,893-675-5263,3
Isabeau,Rearie,irearie3m@zimbio.com,704-231-8750,2
Dirk,Varne,dvarne3n@craigslist.org,254-339-0385,2
Odelle,Monteaux,omonteaux3o@nbcnews.com,865-719-3624,4
Filmore,Giscken,fgiscken3p@hugedomains.com,360-310-3942,5
Ingmar,Runcie,iruncie3q@netvibes.com,518-607-2842,4
Marian,Beccero,mbeccero3r@list-manage.com,773-789-6350,3
Bendicty,Yelyashev,byelyashev3s@china.com.cn,143-830-0523,6
Tammi,Sherbrook,tsherbrook3t@umich.edu,589-624-2037,1
Rosette,Leese,rleese3u@dion.ne.jp,249-240-3389,2
Isabella,Wraggs,iwraggs3v@ovh.net,437-416-2206,7
Nike,Yushmanov,nyushmanov3w@exblog.jp,619-572-6894,5
Bjorn,Arter,barter3x@reference.com,562-697-9388,5
Ardeen,Boot,aboot3y@soup.io,199-962-3595,2
Yasmeen,Orrill,yorrill3z@hatena.ne.jp,593-874-9542,4
Dietrich,Baskeyfield,dbaskeyfield40@ucla.edu,545-370-7850,2
Ora,Elstone,oelstone41@vk.com,972-122-2243,5
Eleanor,Burrel,eburrel42@nbcnews.com,441-216-9486,7
Jilleen,Humpherston,jhumpherston43@dropbox.com,861-344-6486,6
Amalle,Tompkins,atompkins44@yandex.ru,816-945-3039,4
Alanson,Diano,adiano45@apple.com,944-858-5989,2
Annie,Thorogood,athorogood46@sciencedaily.com,975-547-2455,7
Dietrich,Saltwell,dsaltwell47@hubpages.com,163-646-1578,1
Petra,Paffot,ppaffot48@yahoo.co.jp,910-638-9565,4
Willie,Giraux,wgiraux49@dailymotion.com,575-211-7264,2
Betteanne,Odgaard,bodgaard4a@tinyurl.com,597-575-0671,3
Loralyn,Gosneye,lgosneye4b@hubpages.com,353-558-4462,2
Sabrina,Mounter,smounter4c@mozilla.org,739-696-5032,4
Peadar,Vanni,pvanni4d@bloglovin.com,194-190-4477,5
Julianne,Boldero,jboldero4e@ehow.com,831-149-3270,1
Salvatore,McArt,smcart4f@technorati.com,876-215-1376,1
Ricca,Morais,rmorais4g@nih.gov,996-567-6725,6
Nixie,Kenlin,nkenlin4h@dot.gov,596-356-9155,2
Christy,Girardot,cgirardot4i@europa.eu,780-804-2191,2
Selena,Treves,streves4j@gravatar.com,124-947-8989,7
Charlton,Wildbore,cwildbore4k@hexun.com,761-728-7578,5
Biddy,Tackley,btackley4l@omniture.com,788-108-8707,2
Ricardo,Hrishchenko,rhrishchenko4m@drupal.org,622-485-4360,5
Fonz,Hayers,fhayers4n@bloomberg.com,943-995-4844,5
Rennie,Fitzjohn,rfitzjohn4o@google.nl,770-320-6788,2
Bevvy,Tine,btine4p@163.com,951-285-5850,3
Ariella,Swindles,aswindles4q@loc.gov,313-167-7614,6
Zonnya,Kenwrick,zkenwrick4r@mapy.cz,863-419-2256,7
Devin,Shayes,dshayes4s@shinystat.com,601-835-2268,3
Patton,Langdridge,plangdridge4t@addtoany.com,675-301-7503,6
Prudence,Meates,pmeates4u@apache.org,236-141-3637,6
Camella,Vero,cvero4v@tinypic.com,272-859-4924,4
Aurora,Wych,awych4w@tinypic.com,163-859-3940,4
Leonardo,Gomme,lgomme4x@jugem.jp,884-483-1513,7
Trish,Race,trace4y@paypal.com,938-816-4144,4
Mechelle,Craven,mcraven4z@cafepress.com,650-919-6415,5
Otis,Flay,oflay50@time.com,632-187-9827,6
Clarke,Pudsall,cpudsall51@google.pl,211-148-3358,6
Julia,Dunwoody,jdunwoody52@amazon.com,693-432-7510,7
Meridith,Leys,mleys53@usgs.gov,536-261-1150,7
Hunter,McIlmurray,hmcilmurray54@netscape.com,810-245-6005,2
Damien,Veazey,dveazey55@epa.gov,842-831-1321,4
Gloriane,Boreham,gboreham56@umich.edu,652-676-4016,2
Lynn,Aspy,laspy57@twitpic.com,951-547-7751,5
Frieda,Curr,fcurr58@engadget.com,648-613-5330,1
Tracie,Yurchenko,tyurchenko59@si.edu,264-574-2848,6
Mufinella,Van der Brugge,mvanderbrugge5a@fema.gov,564-137-7979,2
Tate,Kocher,tkocher5b@uol.com.br,757-267-4648,5
Mycah,MacKilroe,mmackilroe5c@deliciousdays.com,447-144-1293,6
Durand,Flippelli,dflippelli5d@state.tx.us,423-704-6291,1
Ruby,Lyes,rlyes5e@uol.com.br,886-961-3251,3
Domenico,Leftly,dleftly5f@ftc.gov,792-195-6672,2
Myrtia,MacInerney,mmacinerney5g@friendfeed.com,548-422-2165,1
Enrique,Rime,erime5h@scribd.com,552-932-3415,3
Darren,Dungate,ddungate5i@w3.org,367-408-2099,6
Crissy,Sikorsky,csikorsky5j@cocolog-nifty.com,750-222-2485,6
Ericha,Dimeloe,edimeloe5k@amazon.co.jp,202-789-6275,5
Robbi,Van Niekerk,rvanniekerk5l@yahoo.co.jp,223-371-2710,7
Nil,Rey,nrey5m@nifty.com,558-458-5560,1
Ianthe,Gipps,igipps5n@wisc.edu,561-653-9975,3
Clim,Trelease,ctrelease5o@woothemes.com,399-783-4207,7
Dimitri,Fraulo,dfraulo5p@bbb.org,203-383-4316,4
Malva,McCarthy,mmccarthy5q@cloudflare.com,856-834-9538,2
Colman,Sabbins,csabbins5r@dedecms.com,401-125-8448,2
Miles,Baitey,mbaitey5s@independent.co.uk,392-999-9224,2
Maude,Woolpert,mwoolpert5t@umich.edu,270-760-7702,7
Easter,Keeltagh,ekeeltagh5u@flickr.com,519-473-1498,2
Krystalle,Hegden,khegden5v@harvard.edu,644-730-2592,1
Clywd,Deddum,cdeddum5w@behance.net,437-124-4076,2
Ingra,Placidi,iplacidi5x@flavors.me,593-125-7866,6
Miquela,Peasee,mpeasee5y@webnode.com,402-464-2101,7
Obadias,Sandever,osandever5z@a8.net,577-164-8983,5
Linnie,Gothrup,lgothrup60@opera.com,113-407-7585,5
Gideon,Parrington,gparrington61@smh.com.au,917-323-2115,6
Bebe,Reichelt,breichelt62@slashdot.org,991-236-6754,1
Ibbie,Steer,isteer63@flavors.me,327-964-6876,4
Johannah,Gourlie,jgourlie64@skype.com,721-859-1358,4
Leigh,Phythean,lphythean65@parallels.com,345-317-5897,1
Chester,Jordin,cjordin66@mayoclinic.com,688-195-9960,2
Candie,MacTrusty,cmactrusty67@github.io,175-622-7085,4
Lynnett,Goodridge,lgoodridge68@g.co,364-326-0996,6
Lucian,Blunsom,lblunsom69@mac.com,152-535-0876,6
Birch,Eason,beason6a@chron.com,854-724-1793,5
Ruprecht,Sandyford,rsandyford6b@sphinn.com,318-735-5648,2
Sue,Grivori,sgrivori6c@sogou.com,417-959-2268,2
Laureen,Faulds,lfaulds6d@opera.com,943-751-2542,6
Vannie,Gillings,vgillings6e@accuweather.com,296-808-2726,4
Sandy,Matuska,smatuska6f@globo.com,672-493-1303,4
Trevar,Dust,tdust6g@artisteer.com,447-792-6951,3
Loretta,Farloe,lfarloe6h@elegantthemes.com,940-838-0760,6
Teddy,Willimont,twillimont6i@army.mil,690-264-8298,5
Basilius,Goodbar,bgoodbar6j@psu.edu,614-639-5796,5
Edouard,Caville,ecaville6k@timesonline.co.uk,218-939-7384,4
Janean,Bastone,jbastone6l@wikispaces.com,967-101-8836,1
Mortie,Severs,msevers6m@ed.gov,491-948-2075,1
Murvyn,Elwood,melwood6n@yellowpages.com,737-758-1122,4
Maximilien,Kittow,mkittow6o@drupal.org,868-427-9047,3
Jennica,Berkeley,jberkeley6p@github.io,111-164-9926,2
Idell,Diamant,idiamant6q@cnet.com,127-390-5616,3
Fax,Gradwell,fgradwell6r@ihg.com,799-612-0979,2
Silvain,Deane,sdeane6s@google.co.uk,324-190-6214,2
Abbi,Rains,arains6t@merriam-webster.com,434-933-0982,6
Holt,Varns,hvarns6u@deviantart.com,726-289-7843,2
Dena,Casarini,dcasarini6v@google.com,402-832-7190,4
Towny,Derill,tderill6w@hugedomains.com,275-730-5363,1
Nevin,Hamblyn,nhamblyn6x@blogspot.com,413-802-6152,7
Bobbie,Heck,bheck6y@vinaora.com,117-401-0508,5
Rayna,Dietsche,rdietsche6z@samsung.com,739-492-3440,1
Genni,O'Cahill,gocahill70@hc360.com,278-985-2819,5
Sander,Bethel,sbethel71@aboutads.info,520-855-0208,7
Dennet,Furman,dfurman72@admin.ch,115-378-1866,1
Moe,Paintain,mpaintain73@gizmodo.com,906-166-3953,5
Fonzie,Austin,faustin74@dot.gov,340-935-0500,1
Mortie,Gorse,mgorse75@bloglovin.com,279-231-7378,5
Nevins,Sefton,nsefton76@smh.com.au,911-283-4859,4
Daphene,Halliwell,dhalliwell77@naver.com,173-187-8233,6
Pierre,MacTurlough,pmacturlough78@bbb.org,228-115-5756,4
Douglas,Dunkirk,ddunkirk79@list-manage.com,281-104-9674,3
Jesselyn,Danzey,jdanzey7a@miibeian.gov.cn,765-835-5886,3
Jodi,Antoniewski,jantoniewski7b@ask.com,987-578-7581,7
Chloe,Twopenny,ctwopenny7c@dell.com,965-329-2830,3
Kenna,Wythill,kwythill7d@sbwire.com,923-398-6815,6
Samantha,Parr,sparr7e@cdbaby.com,517-389-6768,3
Casar,Figgess,cfiggess7f@washington.edu,633-985-1753,6
Giovanna,Brachell,gbrachell7g@usatoday.com,416-923-4183,6
Rusty,Romanini,rromanini7h@bigcartel.com,179-745-6002,2
Mattie,Lapwood,mlapwood7i@bing.com,755-305-6339,3
Shaughn,Lissenden,slissenden7j@homestead.com,967-114-1300,4
Madelyn,Dyke,mdyke7k@barnesandnoble.com,432-479-0263,7
Waldon,Trusty,wtrusty7l@auda.org.au,461-431-6978,3
Tara,Jarritt,tjarritt7m@clickbank.net,637-335-8391,6
Issiah,Haugen,ihaugen7n@diigo.com,754-326-5098,3
Fay,Harefoot,fharefoot7o@tinyurl.com,584-156-8563,4
Vonnie,Camerana,vcamerana7p@aol.com,437-311-4427,2
Roselin,MacDermott,rmacdermott7q@china.com.cn,463-883-6279,1
Feliza,Comazzo,fcomazzo7r@scribd.com,779-807-0597,7
Farrell,Alldis,falldis7s@harvard.edu,549-769-8588,3
Cathleen,Bolstridge,cbolstridge7t@sbwire.com,851-138-2072,3
Shermy,Calderon,scalderon7u@delicious.com,447-478-4090,3
Zuzana,Wadesworth,zwadesworth7v@intel.com,580-217-7510,2
Sinclair,Paulet,spaulet7w@google.es,571-809-1266,1
Ulrikaumeko,Berkley,uberkley7x@phpbb.com,371-508-6633,3
Petronilla,Cothey,pcothey7y@bloomberg.com,595-953-9362,2
Clayson,Blaxton,cblaxton7z@friendfeed.com,565-617-8858,5
Idalina,Andreutti,iandreutti80@howstuffworks.com,263-844-1466,5
Isis,Karlik,ikarlik81@yolasite.com,261-796-6765,5
Flo,Doumer,fdoumer82@independent.co.uk,176-629-5824,1
Lorianna,Studdeard,lstuddeard83@is.gd,315-368-4665,2
Abigail,Chanson,achanson84@rambler.ru,443-778-2394,6
Kristo,Ettles,kettles85@opera.com,678-585-6649,6
Tammy,Bagnold,tbagnold86@eepurl.com,982-859-1830,6
Eustacia,Setterthwait,esetterthwait87@unicef.org,331-718-9834,7
Mag,Lutz,mlutz88@livejournal.com,323-849-2128,3
Cassius,Basek,cbasek89@nationalgeographic.com,676-667-6740,5
Wallis,Vanyard,wvanyard8a@mayoclinic.com,618-141-1317,2
Gustav,Mellenby,gmellenby8b@reddit.com,496-320-0201,2
Haley,Skurray,hskurray8c@imgur.com,548-402-7004,2
Saleem,Tasker,stasker8d@indiegogo.com,818-589-7953,2
Tilly,Pietrzyk,tpietrzyk8e@ebay.com,758-937-8160,2
Dewey,Bytheway,dbytheway8f@theguardian.com,309-408-7272,1
Tracy,Gilstoun,tgilstoun8g@un.org,921-749-1898,3
Bram,Speachley,bspeachley8h@quantcast.com,761-734-8059,6
Gilberto,Vasichev,gvasichev8i@constantcontact.com,918-417-5099,6
Agretha,Rentoll,arentoll8j@sogou.com,395-480-5182,2
Elonore,Long,elong8k@noaa.gov,223-252-5669,3
Hi,Aynscombe,haynscombe8l@exblog.jp,849-975-8867,3
Ivor,Huckett,ihuckett8m@slashdot.org,312-562-8611,5
Tris,Deener,tdeener8n@bizjournals.com,119-302-1782,1
Logan,Ewins,lewins8o@hibu.com,587-571-3317,3
Maddie,Bayly,mbayly8p@ftc.gov,819-400-5388,3
Nikaniki,Scorer,nscorer8q@tinyurl.com,810-760-9344,5
Beverly,Ruberry,bruberry8r@comcast.net,588-302-8528,5
Brent,Walthew,bwalthew8s@123-reg.co.uk,292-333-1014,6
Herrick,Hugueville,hhugueville8t@reference.com,885-414-1754,4
Meridith,Stobbart,mstobbart8u@blogs.com,584-560-7890,2
Daisie,Kalberer,dkalberer8v@stumbleupon.com,989-421-3610,2
Desirae,Gargett,dgargett8w@china.com.cn,702-629-0962,3
Rosco,Wale,rwale8x@mlb.com,746-328-3185,7
Frederick,Yallowley,fyallowley8y@mapquest.com,378-915-4459,2
Barnabe,Canada,bcanada8z@altervista.org,644-466-1123,6
Dame,Daughtrey,ddaughtrey90@epa.gov,184-927-2407,6
Anabella,Dagnall,adagnall91@redcross.org,840-777-4893,6
Damaris,Maden,dmaden92@youtu.be,567-742-0635,3
Aime,Rowena,arowena93@ucoz.com,528-479-6963,7
Calida,Rampley,crampley94@hhs.gov,487-349-2847,1
Nappy,Glasebrook,nglasebrook95@moonfruit.com,987-612-2782,5
Wayne,O'Keaveny,wokeaveny96@flavors.me,565-416-8959,1
Kimble,Storer,kstorer97@nba.com,199-878-7958,2
Gregg,Drinkel,gdrinkel98@wordpress.com,214-493-4202,4
Yorker,Baison,ybaison99@eepurl.com,215-920-4059,5
Amandie,Stroban,astroban9a@drupal.org,647-570-5631,6
Abba,Enga,aenga9b@google.ca,815-174-5067,5
Ruperta,Aspey,raspey9c@nydailynews.com,505-191-4857,5
Saundra,MacShane,smacshane9d@mashable.com,727-719-7603,4
Truda,Rossiter,trossiter9e@webnode.com,620-624-3460,1
Ulla,Dalyell,udalyell9f@pen.io,365-893-3966,7
Bing,Winfield,bwinfield9g@prweb.com,122-157-0142,4
Dolley,Crinson,dcrinson9h@hc360.com,774-380-3009,6
Lesya,Artis,lartis9i@phpbb.com,959-499-5280,3
Sandye,Dever,sdever9j@purevolume.com,429-278-5472,4
Chilton,Dreng,cdreng9k@google.co.jp,202-161-7208,1
Gabriellia,Hallock,ghallock9l@storify.com,537-532-9481,2
Hadley,Mor,hmor9m@unicef.org,977-639-7981,7
Andrea,Hymas,ahymas9n@amazon.co.uk,574-536-5628,2
Damien,Peepall,dpeepall9o@youtube.com,808-693-4490,3
Celestine,Reburn,creburn9p@fda.gov,133-956-3493,6
Stacy,Lambillion,slambillion9q@ycombinator.com,738-979-3675,7
Ainsley,Erni,aerni9r@mtv.com,611-893-2396,4
Teresa,Gorries,tgorries9s@wikipedia.org,455-520-2578,4
Saundra,Lefley,slefley9t@weather.com,592-444-5101,1
Herbert,McNeilley,hmcneilley9u@stanford.edu,869-456-9894,7
Mehetabel,Brumfitt,mbrumfitt9v@wordpress.org,568-508-9380,6
Wilma,Royan,wroyan9w@flickr.com,970-372-9346,3
Jeffry,Ojeda,jojeda9x@noaa.gov,199-132-2884,5
Ignaz,Pagen,ipagen9y@purevolume.com,990-920-7626,5
Emmye,Tomalin,etomalin9z@angelfire.com,243-740-1764,7
Idette,Baylis,ibaylisa0@pcworld.com,291-788-1303,5
Quillan,Been,qbeena1@joomla.org,460-775-9033,5
Gale,Yerrall,gyerralla2@example.com,351-185-5002,5
Gerardo,Abramovitch,gabramovitcha3@squidoo.com,201-745-3384,5
Katti,Twigley,ktwigleya4@blogger.com,105-538-9910,3
Sabina,Whittuck,swhittucka5@hatena.ne.jp,779-548-7040,5
Kylie,Percival,kpercivala6@google.de,535-411-0477,5
Darbie,Andrzejak,dandrzejaka7@techcrunch.com,418-123-7002,6
Lotti,Swainger,lswaingera8@fotki.com,406-512-2936,6
Randy,Petken,rpetkena9@mail.ru,158-663-5450,7
Hamilton,Harly,hharlyaa@columbia.edu,213-640-0852,2
Magnum,Vedikhov,mvedikhovab@ask.com,299-359-9826,3
Evelin,McClymont,emcclymontac@odnoklassniki.ru,477-714-0089,7
Richmound,Musk,rmuskad@epa.gov,588-750-7277,4
Wernher,Bembrigg,wbembriggae@eventbrite.com,422-460-6098,3
Berkley,Nattrass,bnattrassaf@bandcamp.com,762-154-5160,5
Merry,Prozescky,mprozesckyag@multiply.com,335-510-2037,2
Zoe,Balentyne,zbalentyneah@cloudflare.com,200-239-3253,2
Julie,Jinkins,jjinkinsai@weibo.com,686-729-7403,5
Blaine,Harrisson,bharrissonaj@wsj.com,467-615-9790,1
Carmelita,Ruger,crugerak@diigo.com,794-972-1923,6
Kerrill,Beig,kbeigal@adobe.com,508-738-1747,5
Stanley,Ecclestone,secclestoneam@eventbrite.com,953-133-6364,1
Rheta,Ouchterlony,rouchterlonyan@qq.com,203-841-8960,1
Andres,Roy,aroyao@cnbc.com,763-936-3922,7
Guillema,Barbary,gbarbaryap@de.vu,680-550-0248,7
Hieronymus,Gadault,hgadaultaq@google.com.br,711-379-9849,4
Ferdie,Parr,fparrar@si.edu,817-401-0981,1
Clare,Tidball,ctidballas@issuu.com,232-415-9981,5
Allx,Stollenwerck,astollenwerckat@marketwatch.com,982-701-7477,1
Milo,Bortoletti,mbortolettiau@feedburner.com,109-448-1247,1
Aube,O'Gaven,aogavenav@amazon.com,425-916-7796,1
Bearnard,Middas,bmiddasaw@house.gov,259-114-2097,2
Dasie,Blemings,dblemingsax@aboutads.info,852-506-6677,5
Jillane,Bentson,jbentsonay@reverbnation.com,770-849-0260,6
Seth,Stringfellow,sstringfellowaz@github.io,555-348-8231,6
Hercules,Vose,hvoseb0@mit.edu,940-474-2612,3
Blanche,Chrestien,bchrestienb1@forbes.com,514-663-2657,7
Fair,Askin,faskinb2@google.it,501-126-1221,3
Abelard,Maleck,amaleckb3@goo.ne.jp,500-463-1680,4
Claiborn,Shoveller,cshovellerb4@infoseek.co.jp,281-438-6396,3
Caprice,Skillitt,cskillittb5@cloudflare.com,610-394-8116,5
Tymon,Dilliway,tdilliwayb6@ask.com,215-873-5077,7
Dalt,Rossoni,drossonib7@google.ca,775-326-9983,1
Celene,Bortolomei,cbortolomeib8@upenn.edu,225-741-0140,2
Petronilla,Posner,pposnerb9@kickstarter.com,656-616-2890,5
Mohandas,Lombardo,mlombardoba@amazon.de,439-336-0473,2
Sharai,Kettel,skettelbb@1und1.de,183-410-3002,7
Valli,McPike,vmcpikebc@mashable.com,395-178-1855,4
Booth,Kirwin,bkirwinbd@free.fr,325-570-0272,6
Perice,Westerman,pwestermanbe@purevolume.com,757-267-2489,3
Laney,Styant,lstyantbf@gmpg.org,473-470-1053,2
Barnabas,Aldhouse,baldhousebg@tripod.com,386-747-1167,6
Melanie,Barhems,mbarhemsbh@blogspot.com,859-787-3314,5
Christoph,Durbann,cdurbannbi@networkadvertising.org,671-505-8019,5
Kevon,MacTeggart,kmacteggartbj@admin.ch,746-422-4677,2
Willa,Marwood,wmarwoodbk@simplemachines.org,570-664-7680,7
Boris,Maude,bmaudebl@w3.org,389-983-3262,2
Margette,Ditchburn,mditchburnbm@timesonline.co.uk,556-552-0497,4
Mallory,Merriton,mmerritonbn@examiner.com,530-492-6827,1
Bronson,Partner,bpartnerbo@pagesperso-orange.fr,155-833-3879,4
Elaina,Storcke,estorckebp@csmonitor.com,130-548-4007,3
Alicea,Dzeniskevich,adzeniskevichbq@pbs.org,427-779-5490,6
Fawn,MacCallister,fmaccallisterbr@unc.edu,705-150-5828,6
Layton,Calverley,lcalverleybs@dagondesign.com,161-803-0413,2
Nixie,Ghiriardelli,nghiriardellibt@alibaba.com,127-437-7551,4
Marie-jeanne,Jossum,mjossumbu@illinois.edu,988-220-4246,7
Florida,Seifert,fseifertbv@delicious.com,402-844-9851,6
Katharine,Lamberton,klambertonbw@reverbnation.com,644-305-5297,6
Dannie,Livingstone,dlivingstonebx@reverbnation.com,795-629-8386,4
Costa,Blaszczyk,cblaszczykby@ucsd.edu,811-278-6249,2
Jacquenette,Winter,jwinterbz@google.pl,466-178-8191,5
Tate,Rozier,trozierc0@hugedomains.com,687-371-7777,3
Shelton,Hew,shewc1@dell.com,864-528-0155,6
Johnath,Spilling,jspillingc2@blogtalkradio.com,743-852-4950,1
Lianne,Zini,lzinic3@godaddy.com,397-393-9317,1
Richmound,Yerlett,ryerlettc4@whitehouse.gov,451-617-5046,7
Melody,Lacknor,mlacknorc5@unicef.org,656-765-9372,4
Vanda,Skillicorn,vskillicornc6@auda.org.au,441-698-6903,3
Vaclav,Grewer,vgrewerc7@w3.org,870-492-3770,7
Gamaliel,Lahive,glahivec8@noaa.gov,269-817-3984,7
Conrade,Chace,cchacec9@walmart.com,813-906-8430,1
Gabrila,Zammitt,gzammittca@loc.gov,788-784-8829,3
Zelda,Smoth,zsmothcb@about.com,408-347-4947,7
Gabie,Mathon,gmathoncc@psu.edu,581-932-6016,2
Emelita,Shoutt,eshouttcd@google.com,294-730-4407,1
Tarrah,Tomczak,ttomczakce@furl.net,702-658-4582,6
D'arcy,Ferry,dferrycf@hubpages.com,305-397-5624,2
Floris,Joron,fjoroncg@myspace.com,411-276-7718,7
Morie,Geke,mgekech@cloudflare.com,337-585-8898,2
Krista,Hullins,khullinsci@soundcloud.com,311-339-0853,1
Barrie,Caspell,bcaspellcj@bandcamp.com,834-327-2204,7
Kaycee,Vaud,kvaudck@wikimedia.org,181-469-2841,7
Roy,Bilsford,rbilsfordcl@mtv.com,636-692-4860,5
Gusella,Neward,gnewardcm@lycos.com,463-514-4570,3
Joyce,Lemary,jlemarycn@google.com.hk,144-339-2957,3
Larina,Matejovsky,lmatejovskyco@ebay.com,195-881-6915,4
Birdie,Van der Spohr,bvanderspohrcp@blog.com,655-331-2627,5
Romain,Molloy,rmolloycq@columbia.edu,522-891-7894,6
Jessica,Biasini,jbiasinicr@arstechnica.com,121-100-4149,2
Emilio,Chad,echadcs@hibu.com,486-847-6902,2
Hollis,Gueny,hguenyct@paginegialle.it,875-594-6360,1
Johny,Pauncefort,jpauncefortcu@google.ca,513-761-4529,4
Dorri,Grushin,dgrushincv@tripod.com,573-776-8858,5
Kennett,McCamish,kmccamishcw@desdev.cn,332-921-9875,3
Anne,Keeri,akeericx@usgs.gov,643-372-7493,4
Gayle,Lanning,glanningcy@theglobeandmail.com,139-811-2956,5
Shelden,Americi,samericicz@google.it,439-704-3824,3
Tucker,Langcaster,tlangcasterd0@ed.gov,578-229-1478,7
Happy,Stansall,hstansalld1@admin.ch,513-459-3532,4
Naoma,Clemmitt,nclemmittd2@friendfeed.com,931-244-7617,5
Glynn,Eastop,geastopd3@jalbum.net,923-313-1765,3
Anatola,Foxall,afoxalld4@tmall.com,619-603-7621,6
Alford,Simmens,asimmensd5@booking.com,809-178-2050,2
Ranee,Geelan,rgeeland6@alexa.com,160-389-2598,7
Jeno,Covotto,jcovottod7@jiathis.com,720-343-4828,4
Kristian,Lubomirski,klubomirskid8@sciencedaily.com,834-339-2204,3
Maurine,Legion,mlegiond9@telegraph.co.uk,955-883-8532,3
Gregory,Berthe,gbertheda@princeton.edu,597-739-7494,1
Nanon,Ogles,noglesdb@canalblog.com,224-131-1234,1
Bart,Creelman,bcreelmandc@earthlink.net,459-620-1301,7
Isador,Pentelo,ipentelodd@wunderground.com,487-746-5898,3
Berta,Aizikov,baizikovde@hubpages.com,407-884-2080,7
Haywood,Freeland,hfreelanddf@cargocollective.com,943-989-7201,2
Nicolai,Glascott,nglascottdg@marriott.com,427-204-7201,7
Pip,Carek,pcarekdh@youtube.com,416-840-6557,4
Dominik,Dimsdale,ddimsdaledi@hao123.com,273-297-4381,3
Madelena,Crunkhorn,mcrunkhorndj@youtube.com,384-291-3243,5
Tiebold,Everard,teverarddk@indiatimes.com,511-658-2209,4
Gregg,Mabe,gmabedl@arizona.edu,581-757-9812,1
Conny,Ivanyushkin,civanyushkindm@livejournal.com,836-734-3279,3
Roderich,Arch,rarchdn@liveinternet.ru,420-109-8884,1
Thatcher,Polkinhorn,tpolkinhorndo@vimeo.com,318-677-1204,1
Latashia,Lumly,llumlydp@privacy.gov.au,712-401-2604,1
Lindie,Karpets,lkarpetsdq@360.cn,244-591-9242,5
Stanislaus,Trythall,strythalldr@cocolog-nifty.com,702-533-1805,2
Georgie,Eate,geateds@twitpic.com,555-241-9302,2
Stacee,Olkowicz,solkowiczdt@g.co,497-141-3016,3
Garey,Leap,gleapdu@aboutads.info,441-262-9728,5
Frank,Pideon,fpideondv@oaic.gov.au,781-352-4137,1
Horton,Igo,higodw@marketwatch.com,785-379-6531,2
Franz,Figgins,ffigginsdx@hao123.com,310-355-8115,1
Boony,Yellowlees,byellowleesdy@domainmarket.com,770-293-9793,3
Ray,Ambrogiotti,rambrogiottidz@de.vu,572-306-7735,2
Joann,Sliman,jslimane0@theguardian.com,457-561-6243,5
Tarrance,Peret,tperete1@dell.com,709-844-4489,1
Shirleen,Chicotti,schicottie2@chicagotribune.com,916-916-9646,4
Madge,Peacey,mpeaceye3@google.pl,263-158-2229,1
Siusan,Jaggli,sjagglie4@howstuffworks.com,702-665-2090,5
Gabriello,Davidescu,gdavidescue5@google.de,352-342-7637,2
Dahlia,Ritchman,dritchmane6@hibu.com,370-795-0253,7
Noll,Davio,ndavioe7@wikimedia.org,868-567-8797,3
Yvonne,Benettolo,ybenettoloe8@joomla.org,629-830-3405,7
Karilynn,Scheffel,kscheffele9@sina.com.cn,745-425-9068,5
Jessamyn,Rosenwald,jrosenwaldea@msn.com,332-392-9434,4
Pincas,Caughtry,pcaughtryeb@walmart.com,302-358-4988,7
Dorine,Dripps,ddrippsec@tinypic.com,204-688-0622,5
Leif,Plomer,lplomered@ustream.tv,534-728-3557,6
Amandie,Fishleigh,afishleighee@symantec.com,332-181-6419,5
Ryley,Goodere,rgoodereef@gizmodo.com,102-858-5066,2
Emmeline,Gabbatt,egabbatteg@cafepress.com,587-330-5263,1
Mayne,Crome,mcromeeh@lycos.com,654-592-0197,3
Stewart,Rubrow,srubrowei@columbia.edu,902-130-7673,3
Ashlan,Enefer,aeneferej@miibeian.gov.cn,165-913-1981,2
Marshal,Leatham,mleathamek@oaic.gov.au,803-470-8313,7
Carlos,Imlin,cimlinel@clickbank.net,268-692-6919,5
Leese,Kayes,lkayesem@howstuffworks.com,183-405-7661,7
Bird,Dake,bdakeen@mashable.com,266-777-2886,5
Ysabel,Masser,ymassereo@ucoz.ru,233-343-0264,6
Nanice,Dolling,ndollingep@nyu.edu,368-776-6530,3
Melisenda,Chillistone,mchillistoneeq@geocities.com,781-675-0541,7
Nikolas,Kilday,nkildayer@upenn.edu,863-410-2858,4
Berty,Gorvette,bgorvettees@google.com.br,672-378-3019,5
Quinn,Castrillo,qcastrilloet@state.tx.us,412-437-9536,5
Mateo,Damiata,mdamiataeu@bigcartel.com,536-688-7390,6
Cesya,Swadden,cswaddenev@blinklist.com,716-223-0148,5
Sallee,Butland,sbutlandew@blogs.com,694-409-2162,5
Anni,Bevan,abevanex@japanpost.jp,493-262-6884,7
Ingaborg,Windley,iwindleyey@elpais.com,465-209-3812,2
Ardenia,Capron,acapronez@hexun.com,720-786-6461,4
Camille,Glass,cglassf0@sitemeter.com,154-799-5786,6
Phyllys,Abramchik,pabramchikf1@mediafire.com,174-897-3143,7
Alexis,Maase,amaasef2@mlb.com,328-881-3072,3
Kerk,Dallan,kdallanf3@drupal.org,974-969-1249,5
Zorine,Kosiada,zkosiadaf4@guardian.co.uk,693-906-0558,2
Cullin,Mumby,cmumbyf5@dion.ne.jp,419-485-2790,1
Heidi,Lorentz,hlorentzf6@domainmarket.com,195-947-6049,5
Saudra,Phuprate,sphupratef7@livejournal.com,259-698-4047,2
Wyatan,Boylin,wboylinf8@nih.gov,914-754-8131,2
Faythe,MacMechan,fmacmechanf9@ftc.gov,167-170-6193,5
Akim,Scolding,ascoldingfa@digg.com,840-608-3418,3
Hannis,Stollmeier,hstollmeierfb@miibeian.gov.cn,417-706-2533,1
Enid,Phebey,ephebeyfc@psu.edu,945-859-6360,7
Anissa,Feron,aferonfd@cbc.ca,865-353-0514,2
Ellwood,Girardy,egirardyfe@amazon.de,955-363-1555,7
Ody,Ruckman,oruckmanff@infoseek.co.jp,801-239-6224,3
Euell,Harte,ehartefg@webs.com,562-250-6780,2
Mateo,Kollas,mkollasfh@live.com,956-463-1654,5
Zachary,Dumpleton,zdumpletonfi@facebook.com,662-952-9166,3
Krispin,McPheat,kmcpheatfj@chron.com,544-604-6810,6
Libbi,Venton,lventonfk@wunderground.com,792-539-2690,3
Riki,Basnett,rbasnettfl@unicef.org,803-836-5289,6
Augusto,Murphey,amurpheyfm@rambler.ru,132-951-5834,2
Donny,Hebson,dhebsonfn@devhub.com,216-111-1158,6
Deanna,Brunger,dbrungerfo@economist.com,973-627-5590,5
Anita,Agastina,aagastinafp@craigslist.org,109-984-1086,7
Eilis,Tesimon,etesimonfq@yelp.com,505-528-7353,2
Alicea,Cay,acayfr@deviantart.com,274-816-4956,6
Jaquenetta,Jira,jjirafs@hatena.ne.jp,214-561-9866,4
Jeremie,Josephs,jjosephsft@yellowpages.com,612-546-2049,1
Boone,Warton,bwartonfu@tinypic.com,862-308-2287,2
Adena,Cosely,acoselyfv@yandex.ru,953-245-1955,4
Emery,Edlyne,eedlynefw@cafepress.com,490-937-2963,7
Blair,Gallgher,bgallgherfx@admin.ch,448-703-1603,1
Winne,Milius,wmiliusfy@hp.com,586-986-9375,7
Anstice,Paskell,apaskellfz@skype.com,953-632-1054,3
Inessa,Bartolomivis,ibartolomivisg0@pagesperso-orange.fr,528-256-3404,6
Clement,Smallwood,csmallwoodg1@amazon.co.jp,134-883-7499,3
Rosamond,Djurevic,rdjurevicg2@upenn.edu,770-388-5308,3
Tonie,Beesey,tbeeseyg3@ucoz.com,294-964-4414,6
Tory,MacHostie,tmachostieg4@yahoo.co.jp,318-624-6844,7
Amara,Gerant,agerantg5@businessinsider.com,926-586-0712,1
Mikel,Burroughes,mburroughesg6@hp.com,900-515-0893,7
Nikaniki,Delahunt,ndelahuntg7@icio.us,391-824-5242,4
Tracey,Varvell,tvarvellg8@naver.com,297-593-2616,1
Cecilia,Waymont,cwaymontg9@economist.com,448-600-7180,4
Pieter,Comport,pcomportga@list-manage.com,332-821-4323,1
Corrina,Brennan,cbrennangb@ft.com,882-911-2102,7
Jarib,Horsburgh,jhorsburghgc@twitter.com,417-641-5854,6
Dolorita,Summerill,dsummerillgd@prweb.com,607-902-1775,2
Angie,Iannelli,aiannellige@constantcontact.com,914-985-8054,1
Esme,Hawtry,ehawtrygf@friendfeed.com,532-185-5214,3
Hersch,Hubbins,hhubbinsgg@cargocollective.com,152-977-6286,4
Caldwell,Dytham,cdythamgh@zdnet.com,737-189-0179,4
Eddy,Shoebottom,eshoebottomgi@miitbeian.gov.cn,762-420-6434,7
Cecilia,Binney,cbinneygj@ihg.com,212-837-7000,7
Glynda,Ravenhill,gravenhillgk@cbsnews.com,601-299-7794,5
Lorry,Gueinn,lgueinngl@ucoz.ru,826-537-7167,4
Abagail,Hedden,aheddengm@wisc.edu,916-831-3728,6
Bessie,Southerns,bsouthernsgn@businessinsider.com,860-281-1219,6
Lowe,Lerego,lleregogo@sun.com,830-934-0597,5
Ginny,Kirkhouse,gkirkhousegp@dmoz.org,915-223-7968,1
Cristie,Klimczak,cklimczakgq@census.gov,957-138-8933,3
Biron,Guly,bgulygr@nature.com,305-391-2271,2
Bettine,Okill,bokillgs@nasa.gov,511-235-1118,3
Tiff,Sindall,tsindallgt@google.ru,684-155-1213,5
Jeannie,Muck,jmuckgu@geocities.jp,179-397-3956,4
Delphinia,Belden,dbeldengv@blogger.com,785-878-2389,3
Pavel,Lancley,plancleygw@abc.net.au,225-260-5077,1
Harcourt,Piggford,hpiggfordgx@wunderground.com,450-780-0580,3
Jae,Koopman,jkoopmangy@skype.com,375-880-0080,6
Shir,Gouda,sgoudagz@phpbb.com,520-805-6182,2
Kori,Pues,kpuesh0@odnoklassniki.ru,341-645-7009,6
Marijo,Dorney,mdorneyh1@jimdo.com,243-221-7542,1
Miner,Belvard,mbelvardh2@elegantthemes.com,449-154-1846,4
Louie,Ding,ldingh3@seesaa.net,926-387-9270,3
Jacqueline,Boyack,jboyackh4@odnoklassniki.ru,534-351-0332,6
Pincas,Schiefersten,pschieferstenh5@ifeng.com,129-381-4703,4
Chloe,MacKeogh,cmackeoghh6@smugmug.com,366-666-5307,7
Eryn,Astbury,eastburyh7@home.pl,242-220-7713,5
Britney,Hedworth,bhedworthh8@squidoo.com,127-797-7895,5
Estell,Louche,eloucheh9@geocities.jp,747-667-4994,2
Upton,Fisby,ufisbyha@quantcast.com,337-910-9845,4
Gabriell,Holyard,gholyardhb@sciencedaily.com,983-894-1370,5
Sigfrid,Coomber,scoomberhc@sogou.com,320-488-6894,6
Bobbi,Pinniger,bpinnigerhd@arizona.edu,512-254-5481,3
Rudiger,Dines,rdineshe@dropbox.com,483-794-1382,5
Aurilia,Rotter,arotterhf@icq.com,988-116-6688,5
Son,Forestall,sforestallhg@webnode.com,625-984-1510,3
Casar,Erwin,cerwinhh@who.int,604-359-2423,6
Udall,Sitlington,usitlingtonhi@elegantthemes.com,594-838-1003,4
Celestine,Claypoole,cclaypoolehj@mail.ru,915-347-5258,4
Betty,Dupoy,bdupoyhk@admin.ch,436-803-9774,4
Flemming,Gruszecki,fgruszeckihl@dailymotion.com,353-141-7572,5
Andree,Chmiel,achmielhm@booking.com,701-524-9786,4
Sunny,Debow,sdebowhn@webnode.com,684-391-4661,5
Jory,Roony,jroonyho@princeton.edu,348-702-5084,6
Oriana,Fullwood,ofullwoodhp@house.gov,563-281-7771,1
Heinrick,Toulson,htoulsonhq@networkadvertising.org,943-564-9598,3
Avictor,Lequeux,alequeuxhr@reddit.com,792-816-8653,1
Anderson,Arrow,aarrowhs@simplemachines.org,951-431-7163,2
Deloris,Govern,dgovernht@edublogs.org,578-177-5533,1
Dennison,Mokes,dmokeshu@dot.gov,469-329-4298,7
Zola,Rose,zrosehv@berkeley.edu,699-884-9151,1
Sayers,Ough,soughhw@engadget.com,847-402-6853,7
Monique,Normanville,mnormanvillehx@themeforest.net,343-322-2509,3
Haily,Spilisy,hspilisyhy@skyrock.com,334-683-2247,5
Bearnard,McCutcheon,bmccutcheonhz@epa.gov,893-220-4791,7
Lamond,Cruxton,lcruxtoni0@icio.us,276-451-0219,5
Roldan,Manis,rmanisi1@home.pl,878-501-4252,6
Sonny,Rickets,sricketsi2@senate.gov,649-507-9821,3
Gilles,Roston,grostoni3@theatlantic.com,659-757-0402,5
Avrom,Peters,apetersi4@bing.com,461-772-2561,7
Miriam,Rigolle,mrigollei5@google.com.hk,581-625-5448,6
Rena,Brothers,rbrothersi6@qq.com,931-226-5239,5
Chelsey,Melin,cmelini7@moonfruit.com,569-581-3356,7
Omar,Bessett,obessetti8@purevolume.com,994-291-8508,2
Brockie,Prangle,bpranglei9@economist.com,172-397-3098,2
Hendrick,Tregunna,htregunnaia@hibu.com,130-959-1818,6
Uta,Schouthede,uschouthedeib@fema.gov,502-768-8292,1
Sharron,Matuszynski,smatuszynskiic@blogspot.com,451-623-4095,7
Chrissie,Gowland,cgowlandid@ovh.net,418-160-2835,5
Curran,Brellin,cbrellinie@vk.com,910-420-4177,2
Enrique,Batchelour,ebatchelourif@i2i.jp,583-367-0279,5
Raimondo,Furnell,rfurnellig@epa.gov,650-969-6003,2
Adelind,Wilsdon,awilsdonih@ucla.edu,582-626-6501,7
Vasili,Curedale,vcuredaleii@apple.com,720-212-7682,6
Dukey,De Mitris,ddemitrisij@ask.com,762-422-4835,6
Deb,Powrie,dpowrieik@fda.gov,658-467-3770,5
Leroy,Millmore,lmillmoreil@ucoz.ru,216-752-5016,5
Chelsey,Alflat,calflatim@rediff.com,770-789-8645,1
Gustavus,Peterffy,gpeterffyin@seattletimes.com,633-802-4702,2
Lilith,D'Ugo,ldugoio@angelfire.com,909-991-0025,1
Ailina,Emblem,aemblemip@imgur.com,151-149-9573,1
Salomon,Sparrowe,ssparroweiq@instagram.com,305-186-8729,6
Madonna,Tackell,mtackellir@purevolume.com,951-848-1430,6
Ronica,Gatesman,rgatesmanis@admin.ch,581-719-6768,2
Bax,Najara,bnajarait@addtoany.com,425-999-0379,5
Henri,McAnulty,hmcanultyiu@scientificamerican.com,422-372-8740,3
Rheta,Raymen,rraymeniv@go.com,404-337-1697,7
Jessee,Bootton,jboottoniw@macromedia.com,286-411-0037,1
Jelene,Hutcheon,jhutcheonix@linkedin.com,622-126-4825,6
Rey,Maloney,rmaloneyiy@nytimes.com,861-663-9259,1
Amanda,Grissett,agrissettiz@technorati.com,564-922-2010,4
Bjorn,Pawellek,bpawellekj0@addtoany.com,918-602-5065,6
Alfie,Pinchin,apinchinj1@gnu.org,591-496-0401,3
Say,MacSwayde,smacswaydej2@wsj.com,696-418-5745,1
Rutledge,Illston,rillstonj3@usatoday.com,166-759-9714,7
Kermit,Brood,kbroodj4@barnesandnoble.com,213-702-7052,1
Ermanno,Zellmer,ezellmerj5@adobe.com,873-619-3970,2
Lonnie,Van den Bosch,lvandenboschj6@biglobe.ne.jp,994-800-7836,1
Loutitia,Redmond,lredmondj7@etsy.com,275-852-2636,6
Dewey,Littley,dlittleyj8@so-net.ne.jp,564-548-7178,5
Rycca,Brundle,rbrundlej9@sbwire.com,191-420-3873,7
Kelley,Brameld,kbrameldja@ovh.net,726-367-6465,3
Rori,Peaden,rpeadenjb@tinypic.com,670-881-9682,1
Rozalin,Vanyashkin,rvanyashkinjc@umich.edu,555-419-1705,2
Bobby,Merriday,bmerridayjd@biblegateway.com,570-425-6846,1
Florian,Meers,fmeersje@shinystat.com,908-995-9879,2
Sebastiano,Fishpond,sfishpondjf@loc.gov,246-573-6217,1
Marion,Dudin,mdudinjg@ebay.co.uk,290-896-2932,2
Evan,Pettersen,epettersenjh@independent.co.uk,892-551-1301,6
Mattie,Berkery,mberkeryji@livejournal.com,998-206-3067,4
Ashlee,Cancellieri,acancellierijj@kickstarter.com,360-371-1170,6
Tamra,Dziwisz,tdziwiszjk@bluehost.com,572-217-5315,6
Tedra,Gantz,tgantzjl@istockphoto.com,805-993-1203,1
Emilio,Labb,elabbjm@sphinn.com,480-206-2460,6
Kimberley,Petrelli,kpetrellijn@zimbio.com,286-366-9337,2
Armand,Arnull,aarnulljo@google.com,793-126-0591,4
Revkah,Dowse,rdowsejp@bbb.org,741-738-8425,2
Sisely,Learman,slearmanjq@sitemeter.com,484-178-8062,3
Rhody,Bernollet,rbernolletjr@hhs.gov,957-887-2200,5
Ilyse,Keasley,ikeasleyjs@qq.com,802-860-4725,4
Tomasine,Pettersen,tpettersenjt@a8.net,980-780-8567,2
Wolfy,Vance,wvanceju@sun.com,202-357-4767,1
Ede,Byrch,ebyrchjv@samsung.com,641-975-5952,4
Sibley,Bysh,sbyshjw@whitehouse.gov,296-287-1670,6
Jonis,Kerrigan,jkerriganjx@dailymail.co.uk,607-287-7214,4
Lita,Kinig,lkinigjy@businessweek.com,272-664-3741,1
Keefe,Scobbie,kscobbiejz@cnbc.com,144-848-4373,1
Carson,Campos,ccamposk0@alexa.com,247-687-1780,6
Gerhard,Wright,gwrightk1@wikia.com,124-662-5134,7
Terri,McCuis,tmccuisk2@blogspot.com,615-323-0503,6
Devlin,Gauler,dgaulerk3@redcross.org,657-265-3530,2
Hermie,Tunnicliffe,htunnicliffek4@toplist.cz,557-712-3073,3
Orazio,Ainscow,oainscowk5@nba.com,350-795-1674,1
Hewett,Petty,hpettyk6@comsenz.com,606-192-8646,3
Morlee,Flaxon,mflaxonk7@bigcartel.com,428-184-8765,4
Maisey,Westphal,mwestphalk8@webs.com,686-781-3159,4
Zach,Kairns,zkairnsk9@aboutads.info,397-660-3223,4
Dav,Raecroft,draecroftka@usatoday.com,571-657-0100,7
Danette,Feasey,dfeaseykb@gravatar.com,211-354-8378,7
Eberto,Riping,eripingkc@nytimes.com,897-377-6900,7
Gerhardt,Gueste,gguestekd@moonfruit.com,837-375-1739,1
Alleyn,Karchewski,akarchewskike@auda.org.au,133-750-1219,3
Livia,Deners,ldenerskf@naver.com,603-233-7413,3
Donaugh,Swanne,dswannekg@squarespace.com,980-490-4007,6
Geordie,Crampton,gcramptonkh@samsung.com,309-972-5811,5
Celie,Simeon,csimeonki@bbc.co.uk,600-913-8569,6
Michal,Dethloff,mdethloffkj@ucoz.com,127-247-1400,2
Gray,Sandy,gsandykk@multiply.com,465-751-4169,7
Marin,Kettles,mkettleskl@ow.ly,246-564-7919,2
Georgena,Bream,gbreamkm@redcross.org,279-358-4342,2
Mano,Drissell,mdrissellkn@unicef.org,230-871-6545,1
Benny,Dubs,bdubsko@photobucket.com,142-520-3836,3
Sibley,Freiberg,sfreibergkp@blogspot.com,363-148-1604,6
Nisse,Campes,ncampeskq@si.edu,618-147-0718,2
Sybilla,Ogles,sogleskr@linkedin.com,850-754-3119,6
Torrin,Meiklejohn,tmeiklejohnks@mlb.com,552-450-1626,1
Sibel,Coppock.,scoppockkt@uiuc.edu,819-578-5976,1
Trumaine,Kidby,tkidbyku@gizmodo.com,485-802-5118,5
Shandee,Ivashnikov,sivashnikovkv@simplemachines.org,327-513-9514,1
Angelico,Kemble,akemblekw@marketwatch.com,472-792-8017,3
Cortie,Bernocchi,cbernocchikx@posterous.com,195-526-3587,6
Boniface,Gateley,bgateleyky@bravesites.com,454-602-2803,6
Sebastien,Davydychev,sdavydychevkz@utexas.edu,710-734-8284,2
Raye,Batcock,rbatcockl0@nbcnews.com,265-755-0836,1
Collette,McCann,cmccannl1@patch.com,773-704-4289,2
Alvina,Gittings,agittingsl2@howstuffworks.com,492-656-0115,5
Margit,Genney,mgenneyl3@ca.gov,256-145-7872,3
Vonni,Abry,vabryl4@kickstarter.com,550-120-4880,6
Roxy,Schohier,rschohierl5@ebay.co.uk,992-518-8444,1
Glyn,Legate,glegatel6@shinystat.com,114-719-0509,5
Sansone,Rosenhaus,srosenhausl7@epa.gov,187-438-7955,7
Jessalyn,Greedier,jgreedierl8@wufoo.com,104-937-0563,3
August,Ferreira,aferreiral9@tinypic.com,695-397-4852,7
Buiron,Comusso,bcomussola@wix.com,253-174-8234,1
Virgilio,Kiernan,vkiernanlb@mlb.com,609-376-9294,4
Raymond,Hairsine,rhairsinelc@wufoo.com,898-806-5921,7
Locke,Trimme,ltrimmeld@canalblog.com,798-767-3848,7
Reuben,Pauletto,rpaulettole@barnesandnoble.com,294-841-3054,2
Jarrid,Antoniottii,jantoniottiilf@tamu.edu,527-489-0387,7
Florina,Haggie,fhaggielg@dion.ne.jp,300-334-2374,5
Nancey,Worthington,nworthingtonlh@dion.ne.jp,949-394-2578,2
Yasmin,Ingre,yingreli@delicious.com,315-448-0619,4
Gary,Stouther,gstoutherlj@indiatimes.com,995-406-5861,4
Rollin,Norwich,rnorwichlk@mozilla.org,332-307-1787,7
Bret,Fawthorpe,bfawthorpell@jimdo.com,202-626-2190,6
Benny,Croot,bcrootlm@berkeley.edu,980-980-5494,4
Amandie,Weaben,aweabenln@bravesites.com,539-411-8149,2
Marc,Faithorn,mfaithornlo@utexas.edu,479-687-3158,4
Rhea,Glader,rgladerlp@sogou.com,883-554-9367,6
Richardo,Palphramand,rpalphramandlq@apple.com,196-759-9279,4
Jannelle,Lomasney,jlomasneylr@stanford.edu,737-577-0659,1
Cynthie,Zappel,czappells@cocolog-nifty.com,440-655-9165,5
Troy,Males,tmaleslt@google.com.au,811-954-4315,4
Esme,Dockrey,edockreylu@blog.com,494-491-3261,3
Mick,Birkenhead,mbirkenheadlv@merriam-webster.com,897-457-9681,3
Artemus,Blazy,ablazylw@aol.com,574-725-6609,1
Lindy,Broadwood,lbroadwoodlx@unblog.fr,719-472-7932,5
Genvieve,Borge,gborgely@latimes.com,641-161-4071,2
Mitchel,Janzen,mjanzenlz@goo.ne.jp,699-378-5236,3
Sharleen,Klempke,sklempkem0@bbb.org,824-994-9899,7
Che,Wilcot,cwilcotm1@nydailynews.com,714-899-8505,5
Janka,Cutridge,jcutridgem2@pinterest.com,100-547-1113,1
Kirsti,Skelhorne,kskelhornem3@japanpost.jp,756-526-4994,2
Elianora,Dupree,edupreem4@alibaba.com,318-291-4581,1
Stearn,Strongman,sstrongmanm5@blog.com,301-730-0905,5
Ignacius,Mendoza,imendozam6@geocities.jp,718-620-3684,7
Alessandra,Pooke,apookem7@engadget.com,199-534-9864,1
Trish,Nottingam,tnottingamm8@opensource.org,602-521-6147,6
Alvy,Clulow,aclulowm9@nyu.edu,205-993-1652,3
Sharona,Bencher,sbencherma@baidu.com,884-805-2761,1
Rois,Jolliman,rjollimanmb@skyrock.com,697-642-4459,7
Nata,Darben,ndarbenmc@ucoz.com,408-559-8608,1
Kinny,Heiss,kheissmd@webmd.com,865-503-9944,1
Nathanial,Smallpeace,nsmallpeaceme@opera.com,369-645-2875,2
Robin,Lightbody,rlightbodymf@google.com,643-331-9797,3
Raphaela,Bateman,rbatemanmg@hostgator.com,716-696-8472,3
Carmon,Crielly,ccriellymh@imageshack.us,302-488-7396,6
Catherine,Nuemann,cnuemannmi@wikimedia.org,845-364-6341,6
Judie,Joskowicz,jjoskowiczmj@cpanel.net,141-331-2499,4
Judd,Roelvink,jroelvinkmk@stumbleupon.com,936-932-6293,6
Nerissa,Haywood,nhaywoodml@github.com,955-774-5360,6
Pryce,Eggle,pegglemm@ox.ac.uk,893-361-1663,5
Allix,Skirvane,askirvanemn@craigslist.org,185-421-7052,3
Deedee,Garlee,dgarleemo@artisteer.com,829-435-5859,3
Jolene,Neenan,jneenanmp@princeton.edu,301-487-0507,1
Karrah,Ousbie,kousbiemq@census.gov,747-127-9186,3
Legra,Jakeman,ljakemanmr@diigo.com,399-683-1481,4
Randy,Bon,rbonms@booking.com,728-548-0941,1
Maryanna,Mellem,mmellemmt@mayoclinic.com,341-749-8805,3
Ileane,Arlet,iarletmu@forbes.com,413-160-6909,5
Seana,Simone,ssimonemv@quantcast.com,916-525-6111,4
Amabel,Claw,aclawmw@goo.ne.jp,850-736-9824,7
Emera,Cardis,ecardismx@blinklist.com,718-900-1000,1
Alexis,Spurritt,aspurrittmy@loc.gov,887-472-6275,5
Ferguson,Durston,fdurstonmz@gravatar.com,792-743-2061,7
Marco,Mattiassi,mmattiassin0@sitemeter.com,538-621-6735,2
Thor,Lethebridge,tlethebridgen1@tmall.com,584-803-9752,7
Mavis,Mensler,mmenslern2@economist.com,314-539-4663,4
Daveen,Ibbison,dibbisonn3@uol.com.br,673-209-4814,4
George,Archell,garchelln4@etsy.com,352-410-9387,3
Hussein,Crocombe,hcrocomben5@java.com,477-455-7560,4
Maryjo,Soutar,msoutarn6@w3.org,273-661-4017,4
Doralin,Croshaw,dcroshawn7@creativecommons.org,269-714-2536,6
Hesther,Garrals,hgarralsn8@dell.com,844-155-2625,4
Ayn,Balderston,abalderstonn9@163.com,433-407-3803,3
Pauli,Dunlop,pdunlopna@sitemeter.com,655-814-3128,4
Winona,Hutchence,whutchencenb@amazon.co.jp,996-342-3628,2
Benjie,Folli,bfollinc@slideshare.net,825-616-5799,2
Nike,Pleasants,npleasantsnd@ehow.com,696-152-6913,4
Vere,Brach,vbrachne@ucla.edu,457-880-5934,4
Genny,Culwen,gculwennf@desdev.cn,916-607-7142,6
Janeta,Jore,jjoreng@usnews.com,777-770-7409,1
Alisa,Chitty,achittynh@businessweek.com,616-849-6393,4
Patience,Ceschelli,pceschellini@qq.com,389-441-8349,1
Kaile,Shyre,kshyrenj@weibo.com,600-975-2036,3
Mozes,Betho,mbethonk@uol.com.br,738-829-7107,7
Veronika,Radish,vradishnl@rambler.ru,463-567-3802,1
Katherina,Mayoh,kmayohnm@123-reg.co.uk,397-223-4720,2
Clarke,Drewitt,cdrewittnn@wsj.com,536-609-5625,1
Alene,Ryam,aryamno@vimeo.com,601-614-2135,1
Sidonnie,Michelet,smicheletnp@tamu.edu,212-802-1781,2
Fawnia,Towse,ftowsenq@desdev.cn,395-884-0284,6
Davis,Kembrey,dkembreynr@aboutads.info,297-815-6869,3
Codie,Isaaksohn,cisaaksohnns@wisc.edu,566-312-9338,2
Curr,Evered,ceverednt@rakuten.co.jp,940-679-4398,2
Antonina,Obey,aobeynu@shutterfly.com,949-117-4984,5
Brenna,Solleme,bsollemenv@themeforest.net,644-151-4817,3
Perry,Rowlett,prowlettnw@chron.com,748-600-1817,1
Costa,Dankersley,cdankersleynx@hostgator.com,202-174-9219,2
Car,Robelet,crobeletny@illinois.edu,622-723-4480,7
Blisse,Bittleson,bbittlesonnz@tmall.com,839-285-8787,1
Ganny,Bagnell,gbagnello0@wufoo.com,329-757-2167,5
Humfrey,Rangell,hrangello1@webmd.com,562-160-2281,3
Petunia,Woofenden,pwoofendeno2@clickbank.net,400-545-0203,6
Anthia,Pucker,apuckero3@tinyurl.com,229-782-9161,7
Randell,Gallico,rgallicoo4@cdc.gov,647-398-9990,6
Chase,Macbeth,cmacbetho5@accuweather.com,158-596-3274,6
Tracey,Chaloner,tchalonero6@smugmug.com,921-553-0716,5
Lissa,Boost,lboosto7@ft.com,820-663-7042,5
Barr,Sains,bsainso8@blogger.com,785-225-0451,4
Kary,Piggrem,kpiggremo9@youtube.com,812-216-9542,4
Lilllie,Ferruzzi,lferruzzioa@sourceforge.net,512-593-7515,5
Onofredo,Poolton,opooltonob@mtv.com,429-887-1680,2
Gerianna,Rilston,grilstonoc@people.com.cn,415-214-2935,4
Aron,Floweth,aflowethod@nymag.com,633-816-9501,5
Ardene,Greader,agreaderoe@ezinearticles.com,208-383-9327,1
Adi,McGuinness,amcguinnessof@bloglines.com,772-833-6955,3
Shayla,Varran,svarranog@census.gov,781-204-2148,2
Charlotte,Grombridge,cgrombridgeoh@nhs.uk,721-744-6405,2
Maurice,Harrie,mharrieoi@archive.org,544-149-7833,2
Casandra,Kennicott,ckennicottoj@feedburner.com,573-257-5257,7
Samuel,Lempenny,slempennyok@umich.edu,852-710-2690,4
Budd,Denman,bdenmanol@tripadvisor.com,251-183-7095,6
Garnette,Zaniolo,gzanioloom@msn.com,729-745-3835,5
Catlaina,Tillett,ctilletton@deviantart.com,712-301-8479,6
Gan,Greenstreet,ggreenstreetoo@plala.or.jp,486-100-0790,6
Yuri,Burk,yburkop@hatena.ne.jp,585-818-0699,1
Karmen,Guirardin,kguirardinoq@nytimes.com,813-758-4489,6
Peyter,Hamer,phameror@icio.us,262-875-2481,5
Norri,Veschi,nveschios@senate.gov,749-949-6814,7
Bride,Romanet,bromanetot@youtu.be,671-244-9490,3
Kassey,Mordan,kmordanou@mit.edu,616-480-5434,1
Stan,Shields,sshieldsov@ucoz.ru,415-596-7720,5
Nap,Tue,ntueow@facebook.com,767-971-3640,4
Pate,Ricold,pricoldox@mysql.com,384-954-7755,3
Carissa,Everall,ceveralloy@diigo.com,261-897-6213,2
Robyn,Beardwell,rbeardwelloz@icq.com,477-115-8562,1
Robbyn,Sandy,rsandyp0@cnn.com,170-802-8084,5
Meade,Mixture,mmixturep1@eepurl.com,732-738-6853,7
Jory,Yokley,jyokleyp2@wp.com,536-778-7254,3
Jeni,Pechold,jpecholdp3@yellowbook.com,984-755-7991,6
Sapphire,Sharratt,ssharrattp4@facebook.com,886-701-8803,1
Hildagarde,Witten,hwittenp5@homestead.com,391-209-9800,6
Meaghan,Petley,mpetleyp6@smh.com.au,195-676-3867,7
Teddy,Grabiec,tgrabiecp7@diigo.com,893-225-4257,6
Dolf,Lamperti,dlampertip8@cmu.edu,411-773-7389,6
Lenette,Follitt,lfollittp9@weebly.com,857-272-3346,6
Janela,Maggorini,jmaggorinipa@narod.ru,865-718-4234,5
Julio,Georg,jgeorgpb@blogspot.com,301-787-5481,2
Calypso,Wheelwright,cwheelwrightpc@zimbio.com,912-691-5048,6
Cornie,Klees,ckleespd@nationalgeographic.com,283-452-9505,6
Berry,McCarlie,bmccarliepe@baidu.com,-516-9544,1
Bonnie,Harston,bharstonpf@blogs.com,929-329-1924,2
Currey,Georgeau,cgeorgeaupg@sourceforge.net,520-303-7435,7
Nollie,La Rosa,nlarosaph@guardian.co.uk,117-922-5989,4
Lilah,Kenton,lkentonpi@accuweather.com,970-199-6724,2
Justine,Radbond,jradbondpj@cnbc.com,946-154-3380,4
Theodora,Dunkerton,tdunkertonpk@springer.com,155-964-6408,4
Thacher,Brideoke,tbrideokepl@phoca.cz,617-379-6708,3
Melisa,Ansett,mansettpm@economist.com,266-863-1076,1
Deb,Tineman,dtinemanpn@so-net.ne.jp,315-480-1415,4
Bryant,Handling,bhandlingpo@cam.ac.uk,865-183-0026,7
Violante,Yegorov,vyegorovpp@quantcast.com,592-534-9967,4
Delmar,Geldert,dgeldertpq@cam.ac.uk,979-175-1002,1
Barr,Whiffen,bwhiffenpr@quantcast.com,457-503-7933,1
Viki,Curtain,vcurtainps@cargocollective.com,494-795-0632,5
Cullie,Capelen,ccapelenpt@hc360.com,399-386-2416,7
Alleyn,Chelsom,achelsompu@mediafire.com,392-254-7979,2
Nick,Jochen,njochenpv@cdbaby.com,724-553-0407,2
Bastian,Comolli,bcomollipw@sphinn.com,239-365-6054,2
Stepha,Shirlaw,sshirlawpx@google.com.br,260-788-8591,3
Oren,Roseveare,orosevearepy@sina.com.cn,571-801-4314,5
Skell,Davis,sdavispz@oracle.com,140-808-2301,6
Granger,Glassman,gglassmanq0@fastcompany.com,102-334-7841,3
Caz,Sanches,csanchesq1@163.com,963-390-3422,4
Cornela,Goodwins,cgoodwinsq2@wiley.com,470-585-4688,2
Aloin,Soame,asoameq3@hubpages.com,345-262-5554,5
Tessa,List,tlistq4@diigo.com,494-179-3175,6
Kincaid,Chardin,kchardinq5@xing.com,793-596-1438,5
Ferrel,Viel,fvielq6@wordpress.com,545-347-9969,2
Sauncho,Wilkison,swilkisonq7@dot.gov,117-929-0307,2
Nikolaus,Baldelli,nbaldelliq8@oaic.gov.au,570-539-9592,1
Rice,Ramey,rrameyq9@dailymail.co.uk,308-756-5549,3
Florri,Godehard.sf,fgodehardsfqa@bravesites.com,928-269-0191,7
Cordula,O'Clery,cocleryqb@sphinn.com,814-721-4979,3
Wrennie,Dowzell,wdowzellqc@newsvine.com,637-532-3149,1
Stanislaw,Haacker,shaackerqd@elpais.com,192-765-1416,4
Khalil,Trusslove,ktrussloveqe@army.mil,854-678-8173,3
Daisy,Dollard,ddollardqf@storify.com,516-167-4416,5
Tami,Lewsy,tlewsyqg@google.nl,235-225-9009,3
Ulrikaumeko,Malthouse,umalthouseqh@mit.edu,599-280-5605,4
Philomena,Klaesson,pklaessonqi@creativecommons.org,390-105-3500,1
Hildegarde,Bethell,hbethellqj@economist.com,407-295-4360,2
Binni,Povey,bpoveyqk@miitbeian.gov.cn,552-872-6101,3
Aime,Frostdyke,afrostdykeql@merriam-webster.com,764-931-0832,5
Lyssa,O'Sherin,losherinqm@paginegialle.it,833-390-4272,7
Gaye,McCleary,gmcclearyqn@so-net.ne.jp,248-378-4262,2
Dusty,McCaighey,dmccaigheyqo@a8.net,744-236-7364,1
Eva,Studde,estuddeqp@is.gd,512-523-1424,5
Karlotte,Kalinke,kkalinkeqq@etsy.com,204-521-0336,5
Alli,Ackerley,aackerleyqr@woothemes.com,656-134-7769,6
Gae,Bayldon,gbayldonqs@studiopress.com,155-345-0253,6
Mercy,Suart,msuartqt@discuz.net,651-472-4159,6
Ginevra,Carpmile,gcarpmilequ@google.com.br,185-627-5854,3
Travers,Prene,tpreneqv@delicious.com,695-602-7562,6
Katharyn,Haines,khainesqw@ow.ly,608-463-6966,4
Solomon,Cunradi,scunradiqx@mysql.com,458-239-5723,1
Constantine,Mattioni,cmattioniqy@ovh.net,406-101-9811,2
Ilyssa,Baudone,ibaudoneqz@google.ru,486-792-8082,4
Shea,Muat,smuatr0@wired.com,684-438-8553,6
Horatio,Affron,haffronr1@sciencedaily.com,708-935-6752,3
Stevie,Nethercott,snethercottr2@cocolog-nifty.com,702-623-3847,5
Leeland,Bassill,lbassillr3@tiny.cc,912-853-1593,4
Donalt,Huttley,dhuttleyr4@jugem.jp,600-140-5851,4
Branden,McIlwraith,bmcilwraithr5@rambler.ru,347-921-5851,1
Andriette,Ivanyukov,aivanyukovr6@forbes.com,403-615-0688,3
Ivan,Tapenden,itapendenr7@chicagotribune.com,555-395-0073,3
Nikki,Nevet,nnevetr8@vk.com,402-565-6384,6
Geoff,Mayte,gmayter9@ucoz.ru,686-132-9913,7
Thaine,Orringe,torringera@mit.edu,777-740-6555,6
Jannelle,Grassi,jgrassirb@gnu.org,586-410-9010,3
Leeland,Maddigan,lmaddiganrc@jalbum.net,732-608-5395,4
Gusty,Flew,gflewrd@amazon.com,300-255-8476,2
Madeline,Deeley,mdeeleyre@istockphoto.com,615-207-9432,6
Kaila,Bentzen,kbentzenrf@posterous.com,448-625-3166,5
Marga,Lathbury,mlathburyrg@barnesandnoble.com,744-603-3174,1
Katharina,Mateescu,kmateescurh@ameblo.jp,342-200-1018,7
Barrie,Mathevon,bmathevonri@arstechnica.com,864-641-4497,3
Julissa,Adlington,jadlingtonrj@smh.com.au,265-241-3780,4
Sheba,Vaudin,svaudinrk@networkadvertising.org,609-596-9572,5
Bone,Colthard,bcolthardrl@washington.edu,935-430-8498,5
Beverlee,Wagstaff,bwagstaffrm@soundcloud.com,175-213-5739,6
Krisha,Cattell,kcattellrn@illinois.edu,970-544-1592,4
Ashleigh,Monini,amoniniro@bbc.co.uk,942-922-6533,3
Phebe,Lejeune,plejeunerp@pen.io,608-431-3215,1
Adriana,Duxbarry,aduxbarryrq@digg.com,661-629-9608,1
Brent,Hargie,bhargierr@ezinearticles.com,986-828-8394,4